-- Complete database initialization script
-- This script will populate all tables with the existing data from the dump file

-- 1. Insert access_method data
INSERT INTO access_method (id, function) VALUES 
(3, 'dart_method'),
(1, 'spot_method'),
(2, 'pacioos_method')
ON CONFLICT (id) DO NOTHING;

-- 2. Insert status data
INSERT INTO status (id, value) VALUES 
(1, 'active'),
(2, 'inactive')
ON CONFLICT (id) DO NOTHING;

-- 3. Insert type data
INSERT INTO type (id, value) VALUES 
(1, 'buoy'),
(2, 'weather_station'),
(3, 'dart')
ON CONFLICT (id) DO NOTHING;

-- 4. Insert token data
INSERT INTO token (id, token, comments) VALUES 
(1, 'c3abab55e2e549f02fdb683bd936c7', 'SPC'),
(2, 'b9f2c081116e70f44152dd9aa45dcb', 'FMS'),
(3, 'e62e5e58efac587d2c7eb4a1d938b0', 'KMS'),
(4, 'e5c7ab12898f4414c0acf817b4bbde', 'SamoaMet'),
(5, '743acb9023dec1ef847d5651596352', 'TongaMet'),
(6, '99a920305541f1c38db611ebab95ba', 'TMS'),
(7, '2a348598f294c6b0ce5f7e41e5c0f5', 'NMS')
ON CONFLICT (id) DO NOTHING;

-- 5. Insert all station data
INSERT INTO station (id, description, station_id, latitude, longitude, owner, maintainer, is_active, variable_id, variable_label, project, type_id, access_method_id, status_id, country_id, source_url, token_id) VALUES 
(125, 'SPOT-0285', 'SPOT-0285', -19.1278, 177.95632, 'SPC', NULL, false, 'significantWaveHeight,peakPeriod,meanPeriod,peakDirection,peakDirectionalSpread,meanDirection,meanDirectionalSpread,timestamp,latitude,longitude,processing_source', 'sig_wave_height_m,peak_wave_period_s,mean_wave_period_s,peak_wave_direction_deg,peak_dir_spread_deg,mean_wave_direction_deg,mean_dir_spread_deg,obs_time_utc,lat_deg,lon_deg,data_source', NULL, 1, 1, 1, 2, 'https://wavefleet.spoondriftspotter.co/api/wave-data?spotterId=SPOT-0285&token=REPALCE_TOKEN_STRING&includeWaves=true&includeTrack=true&includeDirectionalMoments=true&limit=500', 1),
(126, 'SPOT-0298', 'SPOT-0298', -19.30632, 177.96413, 'SPC', NULL, false, 'significantWaveHeight,peakPeriod,meanPeriod,peakDirection,peakDirectionalSpread,meanDirection,meanDirectionalSpread,timestamp,latitude,longitude,processing_source', 'sig_wave_height_m,peak_wave_period_s,mean_wave_period_s,peak_wave_direction_deg,peak_dir_spread_deg,mean_wave_direction_deg,mean_dir_spread_deg,obs_time_utc,lat_deg,lon_deg,data_source', NULL, 1, 1, 1, 2, 'https://wavefleet.spoondriftspotter.co/api/wave-data?spotterId=SPOT-0298&token=REPALCE_TOKEN_STRING&includeWaves=true&includeTrack=true&includeDirectionalMoments=true&limit=500', 1),
(7, 'AMCHITKA - 170 NM South of Amchitka, AK', '21414', 13.3555, 144.788, 'NDBC', 'NDBC', true, 'time,m,lon_deg,lat_deg', 'time,water column HEIGHT,lon_deg,lat_deg', 'instrument', 3, 3, 1, 2, 'https://www.ndbc.noaa.gov/dart_data.php?station=STATION_ID&startmonth=START_MONTH&startday=START_DAY&startyear=START_YEAR&endmonth=END_MONTH&endday=END_DAY&endyear=END_YEAR', NULL),
(161, '178', '178', 7.081486, 158.2442, 'PACIOOS', NULL, true, NULL, NULL, NULL, 1, 2, 1, 5, 'https://erddap.cdip.ucsd.edu/erddap/tabledap/wave_agg.geoJson?station_id,time,waveHs,waveTp,waveTa,waveDp,latitude,longitude&station_id=%22STATION_ID%22&time%3E=START_TIME&time%3C=END_TIME&waveFlagPrimary=1', NULL),
(162, '196', '196', 13.6833, 144.8155, 'PACIOOS', NULL, true, NULL, NULL, NULL, 1, 2, 1, 24, 'https://erddap.cdip.ucsd.edu/erddap/tabledap/wave_agg.geoJson?station_id,time,waveHs,waveTp,waveTa,waveDp,latitude,longitude&station_id=%22STATION_ID%22&time%3E=START_TIME&time%3C=END_TIME&waveFlagPrimary=1', NULL),
(163, '219', '219', 7.629632, 134.6704, 'PACIOOS', NULL, true, NULL, NULL, NULL, 1, 2, 1, 10, 'https://erddap.cdip.ucsd.edu/erddap/tabledap/wave_agg.geoJson?station_id,time,waveHs,waveTp,waveTa,waveDp,latitude,longitude&station_id=%22STATION_ID%22&time%3E=START_TIME&time%3C=END_TIME&waveFlagPrimary=1', NULL),
(164, '273', '273', -14.2965, -170.8747, 'PACIOOS', NULL, true, NULL, NULL, NULL, 1, 2, 1, 18, 'https://erddap.cdip.ucsd.edu/erddap/tabledap/wave_agg.geoJson?station_id,time,waveHs,waveTp,waveTa,waveDp,latitude,longitude&station_id=%22STATION_ID%22&time%3E=START_TIME&time%3C=END_TIME&waveFlagPrimary=1', NULL),
(165, '276', '276', 5.24042, 163.0008, 'PACIOOS', NULL, true, NULL, NULL, NULL, 1, 2, 1, 5, 'https://erddap.cdip.ucsd.edu/erddap/tabledap/wave_agg.geoJson?station_id,time,waveHs,waveTp,waveTa,waveDp,latitude,longitude&station_id=%22STATION_ID%22&time%3E=START_TIME&time%3C=END_TIME&waveFlagPrimary=1', NULL),
(169, '121', '121', 13.3555, 144.788, 'PACIOOS', NULL, true, NULL, NULL, NULL, 1, 2, 1, 24, 'https://erddap.cdip.ucsd.edu/erddap/tabledap/wave_agg.geoJson?station_id,time,waveHs,waveTp,waveTa,waveDp,latitude,longitude&station_id=%22STATION_ID%22&time%3E=START_TIME&time%3C=END_TIME&waveFlagPrimary=1', NULL),
(127, 'SPOT-0089', 'SPOT-0089', -18.17648, 178.41657, 'SPC', NULL, false, 'significantWaveHeight,peakPeriod,meanPeriod,peakDirection,peakDirectionalSpread,meanDirection,meanDirectionalSpread,timestamp,latitude,longitude,processing_source', 'sig_wave_height_m,peak_wave_period_s,mean_wave_period_s,peak_wave_direction_deg,peak_dir_spread_deg,mean_wave_direction_deg,mean_dir_spread_deg,obs_time_utc,lat_deg,lon_deg,data_source', NULL, 1, 1, 1, 2, 'https://wavefleet.spoondriftspotter.co/api/wave-data?spotterId=SPOT-0089&token=REPALCE_TOKEN_STRING&includeWaves=true&includeTrack=true&includeDirectionalMoments=true&limit=500', 1),
(128, 'SPOT-0398', 'SPOT-0398', -9.42227, 159.94742, 'SPC', NULL, true, 'significantWaveHeight,peakPeriod,meanPeriod,peakDirection,peakDirectionalSpread,meanDirection,meanDirectionalSpread,timestamp,latitude,longitude,processing_source', 'sig_wave_height_m,peak_wave_period_s,mean_wave_period_s,peak_wave_direction_deg,peak_dir_spread_deg,mean_wave_direction_deg,mean_dir_spread_deg,obs_time_utc,lat_deg,lon_deg,data_source', NULL, 1, 1, 1, 13, 'https://wavefleet.spoondriftspotter.co/api/wave-data?spotterId=SPOT-0398&token=REPALCE_TOKEN_STRING&includeWaves=true&includeTrack=true&includeDirectionalMoments=true&limit=500', 1),
(129, 'SPOT-0435', 'SPOT-0435', -21.74347, 165.335, 'SPC', NULL, false, 'significantWaveHeight,peakPeriod,meanPeriod,peakDirection,peakDirectionalSpread,meanDirection,meanDirectionalSpread,timestamp,latitude,longitude,processing_source', 'sig_wave_height_m,peak_wave_period_s,mean_wave_period_s,peak_wave_direction_deg,peak_dir_spread_deg,mean_wave_direction_deg,mean_dir_spread_deg,obs_time_utc,lat_deg,lon_deg,data_source', NULL, 1, 1, 1, 20, 'https://wavefleet.spoondriftspotter.co/api/wave-data?spotterId=SPOT-0435&token=REPALCE_TOKEN_STRING&includeWaves=true&includeTrack=true&includeDirectionalMoments=true&limit=500', 1),
(130, 'SPOT-1931', 'SPOT-1931', -20.50715, 165.09363, 'SPC', NULL, false, 'significantWaveHeight,peakPeriod,meanPeriod,peakDirection,peakDirectionalSpread,meanDirection,meanDirectionalSpread,timestamp,latitude,longitude,processing_source', 'sig_wave_height_m,peak_wave_period_s,mean_wave_period_s,peak_wave_direction_deg,peak_dir_spread_deg,mean_wave_direction_deg,mean_dir_spread_deg,obs_time_utc,lat_deg,lon_deg,data_source', NULL, 1, 1, 1, 20, 'https://wavefleet.spoondriftspotter.co/api/wave-data?spotterId=SPOT-1931&token=REPALCE_TOKEN_STRING&includeWaves=true&includeTrack=true&includeDirectionalMoments=true&limit=500', 1),
(131, 'SPOT-30187R', 'SPOT-30187R', -21.74685, 165.33293, 'SPC', NULL, false, 'significantWaveHeight,peakPeriod,meanPeriod,peakDirection,peakDirectionalSpread,meanDirection,meanDirectionalSpread,timestamp,latitude,longitude,processing_source', 'sig_wave_height_m,peak_wave_period_s,mean_wave_period_s,peak_wave_direction_deg,peak_dir_spread_deg,mean_wave_direction_deg,mean_dir_spread_deg,obs_time_utc,lat_deg,lon_deg,data_source', NULL, 1, 1, 1, 20, 'https://wavefleet.spoondriftspotter.co/api/wave-data?spotterId=SPOT-30187R&token=REPALCE_TOKEN_STRING&includeWaves=true&includeTrack=true&includeDirectionalMoments=true&limit=500', 1),
(132, 'SPOT-30815C', 'SPOT-30815C', -18.19448, 178.35897, 'SPC', NULL, false, 'significantWaveHeight,peakPeriod,meanPeriod,peakDirection,peakDirectionalSpread,meanDirection,meanDirectionalSpread,timestamp,latitude,longitude,processing_source', 'sig_wave_height_m,peak_wave_period_s,mean_wave_period_s,peak_wave_direction_deg,peak_dir_spread_deg,mean_wave_direction_deg,mean_dir_spread_deg,obs_time_utc,lat_deg,lon_deg,data_source', NULL, 1, 1, 1, 2, 'https://wavefleet.spoondriftspotter.co/api/wave-data?spotterId=SPOT-30815C&token=REPALCE_TOKEN_STRING&includeWaves=true&includeTrack=true&includeDirectionalMoments=true&limit=500', 1),
(133, 'SPOT-30355R', 'SPOT-30355R', -21.7311, 165.30062, 'SPC', NULL, false, 'significantWaveHeight,peakPeriod,meanPeriod,peakDirection,peakDirectionalSpread,meanDirection,meanDirectionalSpread,timestamp,latitude,longitude,processing_source', 'sig_wave_height_m,peak_wave_period_s,mean_wave_period_s,peak_wave_direction_deg,peak_dir_spread_deg,mean_wave_direction_deg,mean_dir_spread_deg,obs_time_utc,lat_deg,lon_deg,data_source', NULL, 1, 1, 1, 20, 'https://wavefleet.spoondriftspotter.co/api/wave-data?spotterId=SPOT-30355R&token=REPALCE_TOKEN_STRING&includeWaves=true&includeTrack=true&includeDirectionalMoments=true&limit=500', 1),
(134, 'SPOT-0299', 'SPOT-0299', -18.22757, 177.77305, 'FMS', NULL, false, 'significantWaveHeight,peakPeriod,meanPeriod,peakDirection,peakDirectionalSpread,meanDirection,meanDirectionalSpread,timestamp,latitude,longitude,processing_source', 'sig_wave_height_m,peak_wave_period_s,mean_wave_period_s,peak_wave_direction_deg,peak_dir_spread_deg,mean_wave_direction_deg,mean_dir_spread_deg,obs_time_utc,lat_deg,lon_deg,data_source', NULL, 1, 1, 1, 2, 'https://wavefleet.spoondriftspotter.co/api/wave-data?spotterId=SPOT-0299&token=REPALCE_TOKEN_STRING&includeWaves=true&includeTrack=true&includeDirectionalMoments=true&limit=500', 2),
(135, 'SPOT-0596', 'SPOT-0596', -19.06755, 177.98447, 'FMS', NULL, false, 'significantWaveHeight,peakPeriod,meanPeriod,peakDirection,peakDirectionalSpread,meanDirection,meanDirectionalSpread,timestamp,latitude,longitude,processing_source', 'sig_wave_height_m,peak_wave_period_s,mean_wave_period_s,peak_wave_direction_deg,peak_dir_spread_deg,mean_wave_direction_deg,mean_dir_spread_deg,obs_time_utc,lat_deg,lon_deg,data_source', NULL, 1, 1, 1, 2, 'https://wavefleet.spoondriftspotter.co/api/wave-data?spotterId=SPOT-0596&token=REPALCE_TOKEN_STRING&includeWaves=true&includeTrack=true&includeDirectionalMoments=true&limit=500', 2),
(136, 'SPOT-0607', 'SPOT-0607', -18.95167, 178.37548, 'FMS', NULL, false, 'significantWaveHeight,peakPeriod,meanPeriod,peakDirection,peakDirectionalSpread,meanDirection,meanDirectionalSpread,timestamp,latitude,longitude,processing_source', 'sig_wave_height_m,peak_wave_period_s,mean_wave_period_s,peak_wave_direction_deg,peak_dir_spread_deg,mean_wave_direction_deg,mean_dir_spread_deg,obs_time_utc,lat_deg,lon_deg,data_source', NULL, 1, 1, 1, 2, 'https://wavefleet.spoondriftspotter.co/api/wave-data?spotterId=SPOT-0607&token=REPALCE_TOKEN_STRING&includeWaves=true&includeTrack=true&includeDirectionalMoments=true&limit=500', 2),
(4, 'This Returns Waves data', 'SPOT-31071C', -19.06193, -169.98748, 'SPC', 'SPC', true, 'significantWaveHeight,peakPeriod,meanPeriod,peakDirection,peakDirectionalSpread,meanDirection,meanDirectionalSpread,timestamp,latitude,longitude,processing_source', 'sig_wave_height_m,peak_wave_period_s,mean_wave_period_s,peak_wave_direction_deg,peak_dir_spread_deg,mean_wave_direction_deg,mean_dir_spread_deg,obs_time_utc,lat_deg,lon_deg,data_source', 'instrument', 1, 1, 1, 2, 'https://wavefleet.spoondriftspotter.co/api/wave-data?spotterId=SPOT-31071C&token=REPALCE_TOKEN_STRING&includeWaves=true&includeTrack=true&includeDirectionalMoments=true&limit=500', 1),
(138, 'SPOT-0301', 'SPOT-0301', 1.33658, 173.01658, 'KMS', NULL, false, 'significantWaveHeight,peakPeriod,meanPeriod,peakDirection,peakDirectionalSpread,meanDirection,meanDirectionalSpread,timestamp,latitude,longitude,processing_source', 'sig_wave_height_m,peak_wave_period_s,mean_wave_period_s,peak_wave_direction_deg,peak_dir_spread_deg,mean_wave_direction_deg,mean_dir_spread_deg,obs_time_utc,lat_deg,lon_deg,data_source', NULL, 1, 1, 1, 6, 'https://wavefleet.spoondriftspotter.co/api/wave-data?spotterId=SPOT-0301&token=REPALCE_TOKEN_STRING&includeWaves=true&includeTrack=true&includeDirectionalMoments=true&limit=500', 3),
(139, 'SPOT-0300', 'SPOT-0300', 1.42755, 172.91135, 'KMS', NULL, false, 'significantWaveHeight,peakPeriod,meanPeriod,peakDirection,peakDirectionalSpread,meanDirection,meanDirectionalSpread,timestamp,latitude,longitude,processing_source', 'sig_wave_height_m,peak_wave_period_s,mean_wave_period_s,peak_wave_direction_deg,peak_dir_spread_deg,mean_wave_direction_deg,mean_dir_spread_deg,obs_time_utc,lat_deg,lon_deg,data_source', NULL, 1, 1, 1, 6, 'https://wavefleet.spoondriftspotter.co/api/wave-data?spotterId=SPOT-0300&token=REPALCE_TOKEN_STRING&includeWaves=true&includeTrack=true&includeDirectionalMoments=true&limit=500', 3),
(140, 'SPOT-1930', 'SPOT-1930', 1.36343, 173.08808, 'KMS', NULL, false, 'significantWaveHeight,peakPeriod,meanPeriod,peakDirection,peakDirectionalSpread,meanDirection,meanDirectionalSpread,timestamp,latitude,longitude,processing_source', 'sig_wave_height_m,peak_wave_period_s,mean_wave_period_s,peak_wave_direction_deg,peak_dir_spread_deg,mean_wave_direction_deg,mean_dir_spread_deg,obs_time_utc,lat_deg,lon_deg,data_source', NULL, 1, 1, 1, 6, 'https://wavefleet.spoondriftspotter.co/api/wave-data?spotterId=SPOT-1930&token=REPALCE_TOKEN_STRING&includeWaves=true&includeTrack=true&includeDirectionalMoments=true&limit=500', 3),
(141, 'SPOT-1943', 'SPOT-1943', -5.49172, 159.69458, 'KMS', NULL, false, 'significantWaveHeight,peakPeriod,meanPeriod,peakDirection,peakDirectionalSpread,meanDirection,meanDirectionalSpread,timestamp,latitude,longitude,processing_source', 'sig_wave_height_m,peak_wave_period_s,mean_wave_period_s,peak_wave_direction_deg,peak_dir_spread_deg,mean_wave_direction_deg,mean_dir_spread_deg,obs_time_utc,lat_deg,lon_deg,data_source', NULL, 1, 1, 1, 6, 'https://wavefleet.spoondriftspotter.co/api/wave-data?spotterId=SPOT-1943&token=REPALCE_TOKEN_STRING&includeWaves=true&includeTrack=true&includeDirectionalMoments=true&limit=500', 3),
(142, 'SPOT-1906', 'SPOT-1906', -13.81498, -171.78053, 'SamoaMet', NULL, false, 'significantWaveHeight,peakPeriod,meanPeriod,peakDirection,peakDirectionalSpread,meanDirection,meanDirectionalSpread,timestamp,latitude,longitude,processing_source', 'sig_wave_height_m,peak_wave_period_s,mean_wave_period_s,peak_wave_direction_deg,peak_dir_spread_deg,mean_wave_direction_deg,mean_dir_spread_deg,obs_time_utc,lat_deg,lon_deg,data_source', NULL, 1, 1, 1, 12, 'https://wavefleet.spoondriftspotter.co/api/wave-data?spotterId=SPOT-1906&token=REPALCE_TOKEN_STRING&includeWaves=true&includeTrack=true&includeDirectionalMoments=true&limit=500', 4),
(152, 'SPOT-1905', 'SPOT-1905', -13.64255, -172.04037, 'SamoaMet', NULL, false, 'significantWaveHeight,peakPeriod,meanPeriod,peakDirection,peakDirectionalSpread,meanDirection,meanDirectionalSpread,timestamp,latitude,longitude,processing_source', 'sig_wave_height_m,peak_wave_period_s,mean_wave_period_s,peak_wave_direction_deg,peak_dir_spread_deg,mean_wave_direction_deg,mean_dir_spread_deg,obs_time_utc,lat_deg,lon_deg,data_source', NULL, 1, 1, 1, 12, 'https://wavefleet.spoondriftspotter.co/api/wave-data?spotterId=SPOT-1905&token=REPALCE_TOKEN_STRING&includeWaves=true&includeTrack=true&includeDirectionalMoments=true&limit=500', 4),
(153, 'SPOT-1611', 'SPOT-1611', -13.81497, -171.78047, 'SamoaMet', NULL, false, 'significantWaveHeight,peakPeriod,meanPeriod,peakDirection,peakDirectionalSpread,meanDirection,meanDirectionalSpread,timestamp,latitude,longitude,processing_source', 'sig_wave_height_m,peak_wave_period_s,mean_wave_period_s,peak_wave_direction_deg,peak_dir_spread_deg,mean_wave_direction_deg,mean_dir_spread_deg,obs_time_utc,lat_deg,lon_deg,data_source', NULL, 1, 1, 1, 12, 'https://wavefleet.spoondriftspotter.co/api/wave-data?spotterId=SPOT-1611&token=REPALCE_TOKEN_STRING&includeWaves=true&includeTrack=true&includeDirectionalMoments=true&limit=500', 4),
(154, 'SPOT-1951', 'SPOT-1951', -21.24395, -175.1372, 'TongaMet', NULL, false, 'significantWaveHeight,peakPeriod,meanPeriod,peakDirection,peakDirectionalSpread,meanDirection,meanDirectionalSpread,timestamp,latitude,longitude,processing_source', 'sig_wave_height_m,peak_wave_period_s,mean_wave_period_s,peak_wave_direction_deg,peak_dir_spread_deg,mean_wave_direction_deg,mean_dir_spread_deg,obs_time_utc,lat_deg,lon_deg,data_source', NULL, 1, 1, 1, 3, 'https://wavefleet.spoondriftspotter.co/api/wave-data?spotterId=SPOT-1951&token=REPALCE_TOKEN_STRING&includeWaves=true&includeTrack=true&includeDirectionalMoments=true&limit=500', 5),
(155, 'SPOT-1901', 'SPOT-1901', -26.78888, -169.9395, 'TongaMet', NULL, false, 'significantWaveHeight,peakPeriod,meanPeriod,peakDirection,peakDirectionalSpread,meanDirection,meanDirectionalSpread,timestamp,latitude,longitude,processing_source', 'sig_wave_height_m,peak_wave_period_s,mean_wave_period_s,peak_wave_direction_deg,peak_dir_spread_deg,mean_wave_direction_deg,mean_dir_spread_deg,obs_time_utc,lat_deg,lon_deg,data_source', NULL, 1, 1, 1, 3, 'https://wavefleet.spoondriftspotter.co/api/wave-data?spotterId=SPOT-1901&token=REPALCE_TOKEN_STRING&includeWaves=true&includeTrack=true&includeDirectionalMoments=true&limit=500', 5),
(156, 'SPOT-1612', 'SPOT-1612', -23.02458, -175.02327, 'TongaMet', NULL, false, 'significantWaveHeight,peakPeriod,meanPeriod,peakDirection,peakDirectionalSpread,meanDirection,meanDirectionalSpread,timestamp,latitude,longitude,processing_source', 'sig_wave_height_m,peak_wave_period_s,mean_wave_period_s,peak_wave_direction_deg,peak_dir_spread_deg,mean_wave_direction_deg,mean_dir_spread_deg,obs_time_utc,lat_deg,lon_deg,data_source', NULL, 1, 1, 1, 3, 'https://wavefleet.spoondriftspotter.co/api/wave-data?spotterId=SPOT-1612&token=REPALCE_TOKEN_STRING&includeWaves=true&includeTrack=true&includeDirectionalMoments=true&limit=500', 5),
(157, 'SPOT-30032R', 'SPOT-30032R', -21.12362, -175.19375, 'TongaMet', NULL, false, 'significantWaveHeight,peakPeriod,meanPeriod,peakDirection,peakDirectionalSpread,meanDirection,meanDirectionalSpread,timestamp,latitude,longitude,processing_source', 'sig_wave_height_m,peak_wave_period_s,mean_wave_period_s,peak_wave_direction_deg,peak_dir_spread_deg,mean_wave_direction_deg,mean_dir_spread_deg,obs_time_utc,lat_deg,lon_deg,data_source', NULL, 1, 1, 1, 3, 'https://wavefleet.spoondriftspotter.co/api/wave-data?spotterId=SPOT-30032R&token=REPALCE_TOKEN_STRING&includeWaves=true&includeTrack=true&includeDirectionalMoments=true&limit=500', 5),
(158, 'SPOT-0302', 'SPOT-0302', -6.29783, 176.3046, 'TMS', NULL, false, 'significantWaveHeight,peakPeriod,meanPeriod,peakDirection,peakDirectionalSpread,meanDirection,meanDirectionalSpread,timestamp,latitude,longitude,processing_source', 'sig_wave_height_m,peak_wave_period_s,mean_wave_period_s,peak_wave_direction_deg,peak_dir_spread_deg,mean_wave_direction_deg,mean_dir_spread_deg,obs_time_utc,lat_deg,lon_deg,data_source', NULL, 1, 1, 1, 4, 'https://wavefleet.spoondriftspotter.co/api/wave-data?spotterId=SPOT-0302&token=REPALCE_TOKEN_STRING&includeWaves=true&includeTrack=true&includeDirectionalMoments=true&limit=500', 6),
(159, 'SPOT-0303', 'SPOT-0303', -8.591, 179.05518, 'TMS', NULL, true, 'significantWaveHeight,peakPeriod,meanPeriod,peakDirection,peakDirectionalSpread,meanDirection,meanDirectionalSpread,timestamp,latitude,longitude,processing_source', 'sig_wave_height_m,peak_wave_period_s,mean_wave_period_s,peak_wave_direction_deg,peak_dir_spread_deg,mean_wave_direction_deg,mean_dir_spread_deg,obs_time_utc,lat_deg,lon_deg,data_source', NULL, 1, 1, 1, 4, 'https://wavefleet.spoondriftspotter.co/api/wave-data?spotterId=SPOT-0303&token=REPALCE_TOKEN_STRING&includeWaves=true&includeTrack=true&includeDirectionalMoments=true&limit=500', 6),
(160, 'SPOT-1411', 'SPOT-1411', -8.59382, 179.05637, 'TMS', NULL, false, 'significantWaveHeight,peakPeriod,meanPeriod,peakDirection,peakDirectionalSpread,meanDirection,meanDirectionalSpread,timestamp,latitude,longitude,processing_source', 'sig_wave_height_m,peak_wave_period_s,mean_wave_period_s,peak_wave_direction_deg,peak_dir_spread_deg,mean_wave_direction_deg,mean_dir_spread_deg,obs_time_utc,lat_deg,lon_deg,data_source', NULL, 1, 1, 1, 4, 'https://wavefleet.spoondriftspotter.co/api/wave-data?spotterId=SPOT-1411&token=REPALCE_TOKEN_STRING&includeWaves=true&includeTrack=true&includeDirectionalMoments=true&limit=500', 6),
(166, 'SPOT-31153C', 'SPOT-31153C', -18.9747, -169.9024667, 'NMS', NULL, false, 'significantWaveHeight,peakPeriod,meanPeriod,peakDirection,peakDirectionalSpread,meanDirection,meanDirectionalSpread,timestamp,latitude,longitude,processing_source', 'sig_wave_height_m,peak_wave_period_s,mean_wave_period_s,peak_wave_direction_deg,peak_dir_spread_deg,mean_wave_direction_deg,mean_dir_spread_deg,obs_time_utc,lat_deg,lon_deg,data_source', NULL, 1, 1, 1, 9, 'https://wavefleet.spoondriftspotter.co/api/wave-data?spotterId=SPOT-31153C&token=REPALCE_TOKEN_STRING&includeWaves=true&includeTrack=true&includeDirectionalMoments=true&limit=500', 7),
(167, 'SPOT-31071C', 'SPOT-31071C', -19.0662333, -169.98535, 'NMS', NULL, false, 'significantWaveHeight,peakPeriod,meanPeriod,peakDirection,peakDirectionalSpread,meanDirection,meanDirectionalSpread,timestamp,latitude,longitude,processing_source', 'sig_wave_height_m,peak_wave_period_s,mean_wave_period_s,peak_wave_direction_deg,peak_dir_spread_deg,mean_wave_direction_deg,mean_dir_spread_deg,obs_time_utc,lat_deg,lon_deg,data_source', NULL, 1, 1, 1, 9, 'https://wavefleet.spoondriftspotter.co/api/wave-data?spotterId=SPOT-31071C&token=REPALCE_TOKEN_STRING&includeWaves=true&includeTrack=true&includeDirectionalMoments=true&limit=500', 7),
(168, 'SPOT-31091C', 'SPOT-31091C', -19.05455, -169.9315, 'NMS', NULL, true, 'significantWaveHeight,peakPeriod,meanPeriod,peakDirection,peakDirectionalSpread,meanDirection,meanDirectionalSpread,timestamp,latitude,longitude,processing_source', 'sig_wave_height_m,peak_wave_period_s,mean_wave_period_s,peak_wave_direction_deg,peak_dir_spread_deg,mean_wave_direction_deg,mean_dir_spread_deg,obs_time_utc,lat_deg,lon_deg,data_source', NULL, 1, 1, 1, 9, 'https://wavefleet.spoondriftspotter.co/api/wave-data?spotterId=SPOT-31091C&token=REPALCE_TOKEN_STRING&includeWaves=true&includeTrack=true&includeDirectionalMoments=true&limit=500', 7),
(170, 'SPOT-0285', 'SPOT-0285', -19.1278, 177.95632, 'SPC', NULL, false, 'significantWaveHeight,peakPeriod,meanPeriod,peakDirection,peakDirectionalSpread,meanDirection,meanDirectionalSpread,timestamp,latitude,longitude,processing_source', 'sig_wave_height_m,peak_wave_period_s,mean_wave_period_s,peak_wave_direction_deg,peak_dir_spread_deg,mean_wave_direction_deg,mean_dir_spread_deg,obs_time_utc,lat_deg,lon_deg,data_source', NULL, 1, 1, 1, 2, 'https://wavefleet.spoondriftspotter.co/api/wave-data?spotterId=SPOT-0285&token=REPALCE_TOKEN_STRING&includeWaves=true&includeTrack=true&includeDirectionalMoments=true&limit=500', 1),
(171, 'SPOT-0433', 'SPOT-0433', -22.57357, 166.45005, 'SPC', NULL, false, 'significantWaveHeight,peakPeriod,meanPeriod,peakDirection,peakDirectionalSpread,meanDirection,meanDirectionalSpread,timestamp,latitude,longitude,processing_source', 'sig_wave_height_m,peak_wave_period_s,mean_wave_period_s,peak_wave_direction_deg,peak_dir_spread_deg,mean_wave_direction_deg,mean_dir_spread_deg,obs_time_utc,lat_deg,lon_deg,data_source', NULL, 1, 1, 1, 20, 'https://wavefleet.spoondriftspotter.co/api/wave-data?spotterId=SPOT-0433&token=REPALCE_TOKEN_STRING&includeWaves=true&includeTrack=true&includeDirectionalMoments=true&limit=500', 1),
(187, 'Mendocino - 150 NM West of  Mendocino Bay, CA ', '46411', 39.34, -127.04, 'NDBC', NULL, true, 'time,m,lon_deg,lat_deg', 'time,water column HEIGHT,lon_deg,lat_deg', NULL, 3, 3, 1, NULL, 'https://www.ndbc.noaa.gov/dart_data.php?station=STATION_ID&startmonth=START_MONTH&startday=START_DAY&startyear=START_YEAR&endmonth=END_MONTH&endday=END_DAY&endyear=END_YEAR', NULL),
(188, 'NORTHWEST APIA - 370 NM NW of Apia, Samoa ', '51425', -9.51, -176.26, 'NDBC', NULL, true, 'time,m,lon_deg,lat_deg', 'time,water column HEIGHT,lon_deg,lat_deg', NULL, 3, 3, 1, NULL, 'https://www.ndbc.noaa.gov/dart_data.php?station=STATION_ID&startmonth=START_MONTH&startday=START_DAY&startyear=START_YEAR&endmonth=END_MONTH&endday=END_DAY&endyear=END_YEAR', NULL),
(189, 'SOUTHEAST SAIPAN - 540NM ESE of Saipan ', '52402', 11.93, 153.88, 'NDBC', NULL, true, 'time,m,lon_deg,lat_deg', 'time,water column HEIGHT,lon_deg,lat_deg', NULL, 3, 3, 1, NULL, 'https://www.ndbc.noaa.gov/dart_data.php?station=STATION_ID&startmonth=START_MONTH&startday=START_DAY&startyear=START_YEAR&endmonth=END_MONTH&endday=END_DAY&endyear=END_YEAR', NULL),
(190, 'SOUTH PHILIPPINE SEA -725 NM West of Agana, Guam ', '52405', 12.99, 132.23, 'NDBC', NULL, true, 'time,m,lon_deg,lat_deg', 'time,water column HEIGHT,lon_deg,lat_deg', NULL, 3, 3, 1, NULL, 'https://www.ndbc.noaa.gov/dart_data.php?station=STATION_ID&startmonth=START_MONTH&startday=START_DAY&startyear=START_YEAR&endmonth=END_MONTH&endday=END_DAY&endyear=END_YEAR', NULL),
(191, 'NZC - Offshore Gisborne Hikurangi ', '5401000', -38.2, -179.8, 'New Zealand National Emergency Management Agency by Te Pu Ao GNS Science and NIWA Taihoro Nukurangi', NULL, true, 'time,m,lon_deg,lat_deg', 'time,water column HEIGHT,lon_deg,lat_deg', NULL, 3, 3, 1, NULL, 'https://www.ndbc.noaa.gov/dart_data.php?station=STATION_ID&startmonth=START_MONTH&startday=START_DAY&startyear=START_YEAR&endmonth=END_MONTH&endday=END_DAY&endyear=END_YEAR', NULL),
(192, 'NZE - Offshore East Cape Kermadec ', '5401001', -36.05, -177.71, 'New Zealand National Emergency Management Agency by Te Pu Ao GNS Science and NIWA Taihoro Nukurangi', NULL, true, 'time,m,lon_deg,lat_deg', 'time,water column HEIGHT,lon_deg,lat_deg', NULL, 3, 3, 1, NULL, 'https://www.ndbc.noaa.gov/dart_data.php?station=STATION_ID&startmonth=START_MONTH&startday=START_DAY&startyear=START_YEAR&endmonth=END_MONTH&endday=END_DAY&endyear=END_YEAR', NULL),
(193, 'NZF - Offshore Raoul Island Kermadec ', '5401002', -29.68, -175.01, 'New Zealand National Emergency Management Agency by Te Pu Ao GNS Science and NIWA Taihoro Nukurangi', NULL, true, 'time,m,lon_deg,lat_deg', 'time,water column HEIGHT,lon_deg,lat_deg', NULL, 3, 3, 1, NULL, 'https://www.ndbc.noaa.gov/dart_data.php?station=STATION_ID&startmonth=START_MONTH&startday=START_DAY&startyear=START_YEAR&endmonth=END_MONTH&endday=END_DAY&endyear=END_YEAR', NULL),
(194, 'NZG - Offshore Tongatapu Tonga ', '5401003', -23.35, -173.4, 'New Zealand National Emergency Management Agency by Te Pu Ao GNS Science and NIWA Taihoro Nukurangi', NULL, true, 'time,m,lon_deg,lat_deg', 'time,water column HEIGHT,lon_deg,lat_deg', NULL, 3, 3, 1, NULL, 'https://www.ndbc.noaa.gov/dart_data.php?station=STATION_ID&startmonth=START_MONTH&startday=START_DAY&startyear=START_YEAR&endmonth=END_MONTH&endday=END_DAY&endyear=END_YEAR', NULL),
(195, 'NZH - Offshore Niue Tonga      ', '5401004', -20.09, -171.86, 'New Zealand National Emergency Management Agency by Te Pu Ao GNS Science and NIWA Taihoro Nukurangi', NULL, true, 'time,m,lon_deg,lat_deg', 'time,water column HEIGHT,lon_deg,lat_deg', NULL, 3, 3, 1, NULL, 'https://www.ndbc.noaa.gov/dart_data.php?station=STATION_ID&startmonth=START_MONTH&startday=START_DAY&startyear=START_YEAR&endmonth=END_MONTH&endday=END_DAY&endyear=END_YEAR', NULL),
(196, 'NZI - Offshore Samoa Tonga     ', '5401005', -16.89, -171.19, 'New Zealand National Emergency Management Agency by Te Pu Ao GNS Science and NIWA Taihoro Nukurangi', NULL, true, 'time,m,lon_deg,lat_deg', 'time,water column HEIGHT,lon_deg,lat_deg', NULL, 3, 3, 1, NULL, 'https://www.ndbc.noaa.gov/dart_data.php?station=STATION_ID&startmonth=START_MONTH&startday=START_DAY&startyear=START_YEAR&endmonth=END_MONTH&endday=END_DAY&endyear=END_YEAR', NULL),
(197, 'NZA - Offshore Wellington Hikurangi ', '5501002', -42.37, 176.91, 'New Zealand National Emergency Management Agency by Te Pu Ao GNS Science and NIWA Taihoro Nukurangi', NULL, true, 'time,m,lon_deg,lat_deg', 'time,water column HEIGHT,lon_deg,lat_deg', NULL, 3, 3, 1, NULL, 'https://www.ndbc.noaa.gov/dart_data.php?station=STATION_ID&startmonth=START_MONTH&startday=START_DAY&startyear=START_YEAR&endmonth=END_MONTH&endday=END_DAY&endyear=END_YEAR', NULL),
(198, 'NZD - Offshore Bay of Plenty Kermadec ', '5501004', -36.1, 178.6, 'New Zealand National Emergency Management Agency by Te Pu Ao GNS Science and NIWA Taihoro Nukurangi', NULL, true, 'time,m,lon_deg,lat_deg', 'time,water column HEIGHT,lon_deg,lat_deg', NULL, 3, 3, 1, NULL, 'https://www.ndbc.noaa.gov/dart_data.php?station=STATION_ID&startmonth=START_MONTH&startday=START_DAY&startyear=START_YEAR&endmonth=END_MONTH&endday=END_DAY&endyear=END_YEAR', NULL),
(199, 'NZJ - Offshore Norfolk Island New Hebrides ', '5501005', -26.67, 163.96, 'New Zealand National Emergency Management Agency by Te Pu Ao GNS Science and NIWA Taihoro Nukurangi', NULL, true, 'time,m,lon_deg,lat_deg', 'time,water column HEIGHT,lon_deg,lat_deg', NULL, 3, 3, 1, NULL, 'https://www.ndbc.noaa.gov/dart_data.php?station=STATION_ID&startmonth=START_MONTH&startday=START_DAY&startyear=START_YEAR&endmonth=END_MONTH&endday=END_DAY&endyear=END_YEAR', NULL),
(200, 'NZK - Offshore New Caledonia New Hebrides ', '5501006', -24.31, 169.5, 'New Zealand National Emergency Management Agency by Te Pu Ao GNS Science and NIWA Taihoro Nukurangi', NULL, true, 'time,m,lon_deg,lat_deg', 'time,water column HEIGHT,lon_deg,lat_deg', NULL, 3, 3, 1, NULL, 'https://www.ndbc.noaa.gov/dart_data.php?station=STATION_ID&startmonth=START_MONTH&startday=START_DAY&startyear=START_YEAR&endmonth=END_MONTH&endday=END_DAY&endyear=END_YEAR', NULL),
(202, 'Coral Sea 1     -     1285km ENE of Townsville ', '55012', -15.66, 158.45, 'Australian Bureau of Meteorology', NULL, true, 'time,m,lon_deg,lat_deg', 'time,water column HEIGHT,lon_deg,lat_deg', NULL, 3, 3, 1, NULL, 'https://www.ndbc.noaa.gov/dart_data.php?station=STATION_ID&startmonth=START_MONTH&startday=START_DAY&startyear=START_YEAR&endmonth=END_MONTH&endday=END_DAY&endyear=END_YEAR', NULL),
(201, 'NZL - Offshore Vanuatu New Hebrides ', '5501007', -19.31, 166.78, 'New Zealand National Emergency Management Agency by Te Pu Ao GNS Science and NIWA Taihoro Nukurangi', NULL, true, 'time,m,lon_deg,lat_deg', 'time,water column HEIGHT,lon_deg,lat_deg', NULL, 3, 3, 1, NULL, 'https://www.ndbc.noaa.gov/dart_data.php?station=STATION_ID&startmonth=START_MONTH&startday=START_DAY&startyear=START_YEAR&endmonth=END_MONTH&endday=END_DAY&endyear=END_YEAR', NULL),
(172, 'KURIL ISLANDS - 209NM SE of Kuril Is.  ', '21419', 44.4, 155.65, ' NDBC           ', NULL, true, 'time,m,lon_deg,lat_deg', 'time,water column HEIGHT,lon_deg,lat_deg', NULL, 3, 3, 1, NULL, 'https://www.ndbc.noaa.gov/dart_data.php?station=STATION_ID&startmonth=START_MONTH&startday=START_DAY&startyear=START_YEAR&endmonth=END_MONTH&endday=END_DAY&endyear=END_YEAR', NULL),
(173, '180 NM  West of Caldera, Chile ', '32402', -26.74, -73.98, 'Hydrographic and Oceanographic Service of the Chilean Navy (SHOA)', NULL, true, 'time,m,lon_deg,lat_deg', 'time,water column HEIGHT,lon_deg,lat_deg', NULL, 3, 3, 1, NULL, 'https://www.ndbc.noaa.gov/dart_data.php?station=STATION_ID&startmonth=START_MONTH&startday=START_DAY&startyear=START_YEAR&endmonth=END_MONTH&endday=END_DAY&endyear=END_YEAR', NULL),
(174, '120 NM NW of Valparaiso        ', '32404', -32.13, -73.8, 'Cooperative Effort DART 4G', NULL, true, 'time,m,lon_deg,lat_deg', 'time,water column HEIGHT,lon_deg,lat_deg', NULL, 3, 3, 1, NULL, 'https://www.ndbc.noaa.gov/dart_data.php?station=STATION_ID&startmonth=START_MONTH&startday=START_DAY&startyear=START_YEAR&endmonth=END_MONTH&endday=END_DAY&endyear=END_YEAR', NULL),
(175, 'NORTHWEST LIMA - 1000 NM WNW of Lima, Peru ', '32413', -7.43, -93.46, 'NDBC', NULL, true, 'time,m,lon_deg,lat_deg', 'time,water column HEIGHT,lon_deg,lat_deg', NULL, 3, 3, 1, NULL, 'https://www.ndbc.noaa.gov/dart_data.php?station=STATION_ID&startmonth=START_MONTH&startday=START_DAY&startyear=START_YEAR&endmonth=END_MONTH&endday=END_DAY&endyear=END_YEAR', NULL),
(176, '119NM NW of Concepcion, Chile  ', '34420', -35.76, -75.24, 'Cooperative Effort DART 4G', NULL, true, 'time,m,lon_deg,lat_deg', 'time,water column HEIGHT,lon_deg,lat_deg', NULL, 3, 3, 1, NULL, 'https://www.ndbc.noaa.gov/dart_data.php?station=STATION_ID&startmonth=START_MONTH&startday=START_DAY&startyear=START_YEAR&endmonth=END_MONTH&endday=END_DAY&endyear=END_YEAR', NULL),
(177, 'NORTH SANTO DOMINGO - 328NM NNE of Santo Domingo, DO ', '41420', 23.43, -67.39, 'NDBC', NULL, true, 'time,m,lon_deg,lat_deg', 'time,water column HEIGHT,lon_deg,lat_deg', NULL, 3, 3, 1, NULL, 'https://www.ndbc.noaa.gov/dart_data.php?station=STATION_ID&startmonth=START_MONTH&startday=START_DAY&startyear=START_YEAR&endmonth=END_MONTH&endday=END_DAY&endyear=END_YEAR', NULL),
(178, 'NORTH ST THOMAS - 300 NM North of St Thomas, Virgin Is ', '41421', 23.41, -63.89, 'NDBC', NULL, true, 'time,m,lon_deg,lat_deg', 'time,water column HEIGHT,lon_deg,lat_deg', NULL, 3, 3, 1, NULL, 'https://www.ndbc.noaa.gov/dart_data.php?station=STATION_ID&startmonth=START_MONTH&startday=START_DAY&startyear=START_YEAR&endmonth=END_MONTH&endday=END_DAY&endyear=END_YEAR', NULL),
(179, 'SOUTHWEST BERMUDA - 200 NM SSW of Hamilton, Bermuda ', '41425', 28.64, -65.77, 'NDBC', NULL, true, 'time,m,lon_deg,lat_deg', 'time,water column HEIGHT,lon_deg,lat_deg', NULL, 3, 3, 1, NULL, 'https://www.ndbc.noaa.gov/dart_data.php?station=STATION_ID&startmonth=START_MONTH&startday=START_DAY&startyear=START_YEAR&endmonth=END_MONTH&endday=END_DAY&endyear=END_YEAR', NULL),
(180, 'SOUTH PUERTO RICO - 230 NM Southwest of San Juan, PR ', '42407', 15.28, -68.19, 'NDBC', NULL, true, 'time,m,lon_deg,lat_deg', 'time,water column HEIGHT,lon_deg,lat_deg', NULL, 3, 3, 1, NULL, 'https://www.ndbc.noaa.gov/dart_data.php?station=STATION_ID&startmonth=START_MONTH&startday=START_DAY&startyear=START_YEAR&endmonth=END_MONTH&endday=END_DAY&endyear=END_YEAR', NULL),
(181, 'GULF OF AMERICA - 247 NM South of New Orleans, LA ', '42409', 25.8, -89.29, 'NDBC', NULL, true, 'time,m,lon_deg,lat_deg', 'time,water column HEIGHT,lon_deg,lat_deg', NULL, 3, 3, 1, NULL, 'https://www.ndbc.noaa.gov/dart_data.php?station=STATION_ID&startmonth=START_MONTH&startday=START_DAY&startyear=START_YEAR&endmonth=END_MONTH&endday=END_DAY&endyear=END_YEAR', NULL),
(182, 'SOUTHWEST MANZANILLO - 240 NM SW of Manzanillo, MX ', '43412', 16.02, -107.0, 'NDBC', NULL, true, 'time,m,lon_deg,lat_deg', 'time,water column HEIGHT,lon_deg,lat_deg', NULL, 3, 3, 1, NULL, 'https://www.ndbc.noaa.gov/dart_data.php?station=STATION_ID&startmonth=START_MONTH&startday=START_DAY&startyear=START_YEAR&endmonth=END_MONTH&endday=END_DAY&endyear=END_YEAR', NULL),
(183, 'SOUTH ACAPULCO - 360NM South of Acapulco, MX ', '43413', 10.93, -100.01, 'NDBC', NULL, true, 'time,m,lon_deg,lat_deg', 'time,water column HEIGHT,lon_deg,lat_deg', NULL, 3, 3, 1, NULL, 'https://www.ndbc.noaa.gov/dart_data.php?station=STATION_ID&startmonth=START_MONTH&startday=START_DAY&startyear=START_YEAR&endmonth=END_MONTH&endday=END_DAY&endyear=END_YEAR', NULL),
(184, 'SOUTHEAST BLOCK CANYON - 130 NM SE of Fire Island, NY ', '44402', 39.31, -70.72, 'NDBC', NULL, true, 'time,m,lon_deg,lat_deg', 'time,water column HEIGHT,lon_deg,lat_deg', NULL, 3, 3, 1, NULL, 'https://www.ndbc.noaa.gov/dart_data.php?station=STATION_ID&startmonth=START_MONTH&startday=START_DAY&startyear=START_YEAR&endmonth=END_MONTH&endday=END_DAY&endyear=END_YEAR', NULL),
(185, 'SABLE ISLAND BANK - 437 NM E of Boston, MA ', '44403', 41.93, -61.66, 'NDBC', NULL, true, 'time,m,lon_deg,lat_deg', 'time,water column HEIGHT,lon_deg,lat_deg', NULL, 3, 3, 1, NULL, 'https://www.ndbc.noaa.gov/dart_data.php?station=STATION_ID&startmonth=START_MONTH&startday=START_DAY&startyear=START_YEAR&endmonth=END_MONTH&endday=END_DAY&endyear=END_YEAR', NULL),
(186, 'NEWPORT - 210NM West of Coos Bay, OR ', '46407', 42.71, -128.89, 'NDBC', NULL, true, 'time,m,lon_deg,lat_deg', 'time,water column HEIGHT,lon_deg,lat_deg', NULL, 3, 3, 1, NULL, 'https://www.ndbc.noaa.gov/dart_data.php?station=STATION_ID&startmonth=START_MONTH&startday=START_DAY&startyear=START_YEAR&endmonth=END_MONTH&endday=END_DAY&endyear=END_YEAR', NULL),
(203, 'Coral Sea 2     -     870km NE of Townsville ', '55023', -14.71, 153.54, 'Australian Bureau of Meteorology', NULL, true, 'time,m,lon_deg,lat_deg', 'time,water column HEIGHT,lon_deg,lat_deg', NULL, 3, 3, 1, NULL, 'https://www.ndbc.noaa.gov/dart_data.php?station=STATION_ID&startmonth=START_MONTH&startday=START_DAY&startyear=START_YEAR&endmonth=END_MONTH&endday=END_DAY&endyear=END_YEAR', NULL),
(204, 'Indian Ocean 2     -     630km NNE of Dampier ', '56003', -15.02, 118.07, 'Australian Bureau of Meteorology', NULL, true, 'time,m,lon_deg,lat_deg', 'time,water column HEIGHT,lon_deg,lat_deg', NULL, 3, 3, 1, NULL, 'https://www.ndbc.noaa.gov/dart_data.php?station=STATION_ID&startmonth=START_MONTH&startday=START_DAY&startyear=START_YEAR&endmonth=END_MONTH&endday=END_DAY&endyear=END_YEAR', NULL)
ON CONFLICT (id) DO NOTHING;

-- 6. Update sequences to match the data
SELECT setval('access_method_id_seq', 3, true);
SELECT setval('status_id_seq', 2, true);
SELECT setval('type_id_seq', 3, true);
SELECT setval('token_id_seq', 7, true);
SELECT setval('station_id_seq', 171, true);

-- 7. Verify the data
SELECT 'Database initialization completed successfully!' as status;
SELECT 'Access methods: ' || COUNT(*) as count FROM access_method;
SELECT 'Statuses: ' || COUNT(*) as count FROM status;
SELECT 'Types: ' || COUNT(*) as count FROM type;
SELECT 'Tokens: ' || COUNT(*) as count FROM token;
SELECT 'Stations: ' || COUNT(*) as count FROM station; 